Species,AvgCodon_based_EvoDiv,AvgCodon_based_EvoDiv_x100
P,0.03369867,3.369867042
L,0.032844358,3.284435793
C,0.033892836,3.389283634
S,0.033118058,3.311805784
