Taxa,AvgCodon_based_EvoDiv,AvgCodon_based_EvoDiv_x100
PC,0.033886494,3.388649431
S,0.033118058,3.311805784
